<?xml version="1.0" encoding="UTF-8"?>
<!DOCTYPE suite SYSTEM "http://testng.org/testng-1.0.dtd">
<suite name="Suite1">
  <test  name="login_Test">
    <classes>
      <class name="login.loginTest"/>
    </classes>
  </test> <!-- Test -->
  <test  name="logout_Test">
    <classes>
      <class name="logout.logouttTest"/>
    </classes>
  </test> <!-- Test -->
  <test  name="coursedetails_Test">
    <classes>
      <class name="CourseDetails.CourseDetailsTest"/>
    </classes>
  </test> <!-- Test -->
  
  <test  name="courserating_Test">
    <classes>
      <class name="CourseRating.CourseRatingTest"/>
    </classes>
  </test> <!-- Test -->
  
  <test  name="coursetopic_Test">
    <classes>
      <class name="CourseTopic.CourseTopicTest"/>
    </classes>
  </test> <!-- Test -->
  
  <test  name="meenubar_Test">
    <classes>
      <class name="MeenuBar.MeenuBarTest"/>
    </classes>
  </test> <!-- Test -->
  
  <test  name="globalsearch_Test">
    <classes>
      <class name="globalsearch.globalsearchTest"/>
    </classes>
  </test> <!-- Test -->
  
  <test  name="filterbutton_Test">
    <classes>
      <class name="filterButton.filterButtonTest"/>
    </classes>
  </test> <!-- Test -->
  <test  name="featuredcourse_Test">
    <classes>
      <class name="FeaturedCourse.FeaturedCourseTest"/>
    </classes>
  </test> <!-- Test -->
  <test  name="listingassessment_Test">
    <classes>
      <class name="listingAssessmenttab.listingAssessmenttabTest"/>
    </classes>
  </test> <!-- Test -->
  <test  name="studentfeedback_Test">
    <classes>
      <class name="StudentFeedback.StudentFeedbackTest"/>
    </classes>
  </test> <!-- Test -->
  <test  name="allquestion_Test">
    <classes>
      <class name="allQuestion.allQuestionTest"/>
    </classes>
  </test> <!-- Test -->
  <test  name="askquestion_Test">
    <classes>
      <class name="AskQuestion.AskQuestionTest"/>
    </classes>
  </test> <!-- Test -->
  <test  name="detailedquestion_Test">
    <classes>
      <class name="DetailedQuestion.DetailedQuestionTest"/>
    </classes>
  </test> <!-- Test -->
  
  <test  name="questionscreen_Test">
    <classes>
      <class name="questionscreen.questionscreenTest"/>
    </classes>
  </test> <!-- Test -->
  
  <test  name="myquestion_Test">
    <classes>
      <class name="myQuestion.myQuestionTest"/>
    </classes>
  </test> <!-- Test -->
   <test  name="myanswerpage_Test">
    <classes>
      <class name="myAnswerPage.myAnswerPageTest"/>
    </classes>
  </test> <!-- Test -->
  <test  name="deletequestion_Test">
    <classes>
      <class name="deleteQuestion.deleteQuestionTest"/>
    </classes>
  </test> <!-- Test -->
  
   <test  name="taganswer_Test">
    <classes>
      <class name="tagsAnswer.tagsAnswerTest"/>
    </classes>
  </test> <!-- Test -->
  <test  name="detailanswer_Test">
    <classes>
      <class name="detailAnswerscreen.detailAnswerscreenTest"/>
    </classes>
    </test> <!-- Test -->
  <test  name="previouspage_Test">
    <classes>
      <class name="previousPageicon.previousPageiconTest"/>
    </classes>
  </test> <!-- Test -->
  
  <test  name="nextpage_Test">
    <classes>
      <class name="nextPageicon.nextPageiconTest"/>
    </classes>
  </test> <!-- Test -->
  <test  name="answebutton_Test">
    <classes>
      <class name="answerButton.answerButtonTest"/>
    </classes>
  </test> <!-- Test -->
  <test  name="mosaicpage_Test">
    <classes>
      <class name="mosaicHomepage.mosaicHomepageTest"/>
    </classes>
  </test> <!-- Test -->
  
  <test name="mosaicfilter_Test">
    <classes>
      <class name="mosaicfilterButton.mosaicfilterButtonTest"/>
    </classes>
  </test> <!-- Test -->
  <test  name="searchmosaic_Test">
    <classes>
      <class name="searchMosaic.searchMosaicTest"/>
    </classes>
  </test> <!-- Test -->
  
  <test  name="deleteanswer_Test">
    <classes>
      <class name="deleteAnswer.deleteAnswerTest"/>
    </classes>
  </test> <!-- Test -->
  
  <test  name="commentlisting_Test">
    <classes>
      <class name="commentListing.commentListingTest"/>
    </classes>
  </test> <!-- Test -->
  
  
  <test  name="addnotes_Test">
    <classes>
      <class name="addNotes.addNotesTest"/>
    </classes>
  </test> <!-- Test -->
  <test  name="exctractedquestion_Test">
    <classes>
      <class name="exctractedQuestion.exctractedQuestionTest"/>
    </classes>
  </test> <!-- Test -->
  <test  name="verifytag_Test">
    <classes>
      <class name="verifyTag.verifyTagTest"/>
    </classes>
  </test> <!-- Test -->
  <test  name="otherquestion_Test">
    <classes>
      <class name="otherQuestion.otherQuestionTest"/>
    </classes>
  </test> <!-- Test -->
  
  <test  name="given_Test">
    <classes>
      <class name="givenAnswer.givenAnswerTest"/>
    </classes>
  </test> <!-- Test -->
  
  <test  name="approve_Test">
    <classes>
      <class name="approveAnswer.approveAnswerTest"/>
    </classes>
  </test> 
  

  
</suite> <!-- Suite -->