<?xml version="1.0" encoding="UTF-8"?>
<!DOCTYPE suite SYSTEM "http://testng.org/testng-1.0.dtd">
<suite name="Suite">
  <test thread-count="5" name="Test to Validate Login Logout Functionality">
    <classes>
      <class name="FeaturedCourse.FeaturedCourseTest"/>
    </classes>
  </test> <!-- Test -->
  <test thread-count="5" name="Test to Validate Force Logout Functionality">
    <classes>
      <class name="EduCollab.MobileAutomation.Login.LoginTest"/>
    </classes>
  </test> <!-- Test -->
</suite> <!-- Suite -->
